4a6a85a6-ed54-49a6-90ac-4d5ae1bde0ca,Rory,Hagenes,Brayan_Stroman@yahoo.com,Thu Aug 15 2019 07:10:07 GMT+0100 (British Summer Time),Direct Quality Engineer,Solomon Islands,730.368.6688,56cc983a-b97d-4fd1-8a8c-998985beb220
fa73dd47-eecc-4575-8cbf-05ece7a886dd,Lorenzo,Ruecker,Shyanne_Hilpert@gmail.com,Tue Oct 29 2019 02:29:26 GMT+0000 (Greenwich Mean Time),Central Operations Strategist,France,(572) 875-0323,d977b1f5-cf4f-4148-92e0-ec3f325fdc5d
d48ceb67-a718-43f1-bdce-fc9127a5718e,Elyssa,Hand,Celestino_McKenzie70@gmail.com,Sat Nov 02 2019 20:22:57 GMT+0000 (Greenwich Mean Time),Future Brand Strategist,Somalia,238-869-3066 x620,97f31bf0-600e-4f58-b076-d97e6ee7d869
6c790c5f-394f-4173-aa15-e44b378c61fb,Annalise,Jones,Lindsay4@gmail.com,Fri Jan 25 2019 16:51:05 GMT+0000 (Greenwich Mean Time),Internal Quality Manager,Saint Vincent and the Grenadines,678.644.5140,18662b33-0677-4022-9ca3-b3405235a984,347cee76-2a86-4e10-9041-eff7f413b71f,e7646433-b7dc-4067-badc-c9820123a554
c7047d8a-03b0-4775-ace5-2eb0372074f6,Joanny,Pagac,Lorenza21@hotmail.com,Wed Dec 04 2019 13:00:01 GMT+0000 (Greenwich Mean Time),Legacy Accounts Consultant,Saint Barthelemy,(586) 835-9021 x5826,9de99fed-200f-4611-8f54-018ce52785fd,628da1b8-7dd1-47ad-b284-9e1fa0b3b5be
4339c1bc-64b4-4c6f-af97-33e176a98848,Nannie,Lakin,Lurline_Wolff30@gmail.com,Sun Jun 16 2019 23:27:31 GMT+0100 (British Summer Time),Dynamic Solutions Designer,Djibouti,(933) 799-9636,7b960ef1-4bda-450e-8120-9865d6252735,e6ab3b43-b48a-4fea-8b2c-c684ffc0e8e9,18662b33-0677-4022-9ca3-b3405235a984
0f1248ca-80a0-4bc1-b123-97e84bdda289,Charley,Quitzon,Doug.Feeney@yahoo.com,Tue Apr 09 2019 02:26:01 GMT+0100 (British Summer Time),International Response Orchestrator,Christmas Island,748.996.5596 x33804,
c2d61eb9-f75d-4e54-b02b-dd12b8da308b,Leon,Harris,Hayley_Beahan@yahoo.com,Wed Oct 30 2019 15:52:44 GMT+0000 (Greenwich Mean Time),Senior Response Facilitator,Niue,909.518.3435 x998,21f60bc4-4f74-4c02-acb9-4290f2e20379
735203dd-bcbf-47e0-b6d5-8fff438efbe6,Bernice,Treutel,Malika_Runte@hotmail.com,Sun Mar 17 2019 01:59:30 GMT+0000 (Greenwich Mean Time),Dynamic Brand Executive,Andorra,661-976-3380 x147,0b9e5f4f-1452-409a-82c6-48ec0aa1b49c,3f001b74-162d-4998-81c6-769ef2b3c880,90f5c734-0199-4e2e-a2c6-6b468212a0c0
7183f686-4a19-4358-80a7-58d5abf7d9d8,Catharine,Kertzmann,Phyllis.Crona@gmail.com,Sat Nov 23 2019 11:28:03 GMT+0000 (Greenwich Mean Time),National Functionality Orchestrator,Puerto Rico,701-008-4918 x8727,bcc371ae-3353-41c5-aa2e-9677a8339018,3a04ebb6-33f9-4980-a94e-c3c2a25387b6,18662b33-0677-4022-9ca3-b3405235a984
73db1fd7-1729-4cd0-bb52-f0b55eb32dff,Aliyah,Barrows,Lillie81@hotmail.com,Tue Apr 30 2019 04:37:50 GMT+0100 (British Summer Time),Dynamic Division Supervisor,Bolivia,026.013.1162 x768,
b5240941-93c1-4da0-b8eb-19ce821dfdb3,Adaline,Howe,Enid_Kozey@yahoo.com,Sun Aug 25 2019 16:52:25 GMT+0100 (British Summer Time),Human Branding Agent,Netherlands Antilles,569.379.9831,
d7c65906-88a6-496b-a0a9-3db9177f79c1,Electa,Reynolds,Sarai_Langworth@hotmail.com,Fri Mar 15 2019 05:48:08 GMT+0000 (Greenwich Mean Time),Future Marketing Agent,Guinea-Bissau,613-569-5317,e0f1ac57-8c74-41db-ade2-d37b911b5071,7fbccd54-dff5-4bed-81e9-3a7bbec85e1b,18662b33-0677-4022-9ca3-b3405235a984,4061bfcb-ae31-4bec-b4a5-46fdada12dce
a24860bb-0303-4076-a494-a38f08d05831,Maverick,Stehr,Buford.Reilly69@gmail.com,Thu Mar 28 2019 13:32:00 GMT+0000 (Greenwich Mean Time),Forward Brand Designer,Myanmar,(883) 574-7121 x596,38bf76d0-1110-49d0-a51c-dbe712a6db86
363d629b-a2cc-40d3-910e-0971a5243f35,Leann,Roberts,Stanley78@hotmail.com,Sun Dec 15 2019 16:44:58 GMT+0000 (Greenwich Mean Time),Central Mobility Architect,Guatemala,621-873-3617 x822,
d67bc7af-40bf-4edc-9b08-689b228216fe,Zula,Batz,Diana.Koepp86@yahoo.com,Mon Dec 02 2019 14:52:59 GMT+0000 (Greenwich Mean Time),Future Usability Executive,Belize,828-267-6446 x1013,8d7bfe4c-2b93-47cd-9af0-81edbbb44d99,511ea48e-1367-40e4-98da-6ea666aca3ee
2839bee8-c688-4bba-92fa-cf36f95c7e4d,Chandler,McCullough,Verlie85@gmail.com,Sat Aug 31 2019 12:28:09 GMT+0100 (British Summer Time),Future Program Analyst,Angola,1-869-609-7944 x9859,c2f54858-6803-4119-aef8-4a345df1aabc,7c246726-ddf2-4adb-be13-81cbb1a3b097
60645b6b-880d-4aad-9db2-c6ec714775df,Anabelle,Nienow,Gay_Jenkins@gmail.com,Sat Dec 14 2019 12:12:13 GMT+0000 (Greenwich Mean Time),Dynamic Integration Developer,Afghanistan,667-919-3452,3e852484-51ed-4f14-af8b-71d33d606daa,18662b33-0677-4022-9ca3-b3405235a984
df88b5c5-bdc3-457c-8efd-342d1f734b11,Delia,Barrows,Ricardo30@hotmail.com,Thu Dec 12 2019 10:11:42 GMT+0000 (Greenwich Mean Time),Product Paradigm Planner,Ukraine,718.037.3948 x3457,
e0cd4486-ba72-4441-949c-de753bfd93de,Winfield,Marks,Will.Auer@gmail.com,Sun May 12 2019 02:34:16 GMT+0100 (British Summer Time),Chief Creative Liaison,Norfolk Island,437-098-0321 x497,14b79dc3-c9bf-4abf-b1c0-e2431c531d7e
e68e51cb-e838-4d69-80aa-c417c884f62f,Mustafa,Hermiston,Ellsworth_Wilkinson@gmail.com,Mon Jan 06 2020 05:50:45 GMT+0000 (Greenwich Mean Time),Dynamic Creative Supervisor,Northern Mariana Islands,1-462-828-7319 x17662,d6f3aef6-2756-4ab5-a1da-f4328dcd46b3,9ae6e74e-6f34-40f8-9722-5c3a16ccb89b
5a2e9e31-2e74-4060-b7a2-fa26b8f3e200,Flo,Towne,Ida_Smith@yahoo.com,Wed Oct 16 2019 04:58:40 GMT+0100 (British Summer Time),Human Creative Associate,Saint Martin,857-155-9527 x4276,d6f3aef6-2756-4ab5-a1da-f4328dcd46b3,90f5c734-0199-4e2e-a2c6-6b468212a0c0,d58928fa-c66e-4fee-a7af-c63739e1e94d,72963795-ba1f-4067-88b4-1b595eb3a434
90ce1582-2844-46a5-9e6f-db5b0852ab33,Brice,Bogisich,Janis_Parker@hotmail.com,Sat Dec 28 2019 18:39:03 GMT+0000 (Greenwich Mean Time),Regional Applications Administrator,Martinique,587-922-8660,15c8c138-b455-4431-b7a8-af3c9cdac1e9,f5784b76-781d-4c9b-8180-271e247d27a6,80525f6f-5654-4443-9c0a-53e028309680
261fedd5-b910-42b0-ba3f-801808f087bf,Casimer,Bernier,Oceane28@yahoo.com,Sun Mar 24 2019 15:08:33 GMT+0000 (Greenwich Mean Time),Future Integration Supervisor,Bulgaria,031-885-7511 x254,
610716df-9888-4325-b5b2-e41b9bd9e9ff,Gisselle,Ebert,Odell_Rau@hotmail.com,Sun Feb 17 2019 04:50:52 GMT+0000 (Greenwich Mean Time),Legacy Factors Specialist,Nepal,449.625.7825,90f5c734-0199-4e2e-a2c6-6b468212a0c0,f236a058-6831-4741-a3a7-7e3fc52094a3
d3d48246-0ec1-43da-ab4e-49668e50a085,Laurence,Effertz,Shayna.Bechtelar@hotmail.com,Sun Apr 14 2019 08:02:45 GMT+0100 (British Summer Time),Principal Response Supervisor,Russian Federation,122-260-5649 x593,7aa12a56-6ee7-4326-bfce-9e8e3b9413c2,29e65b16-b541-4acf-8caf-583e1b7dd67d,f88e9e88-5215-41a7-a840-86a04111a29a,8bd73fa0-9177-4021-9508-20be538ad61a
0fc050c5-f079-4523-bf81-ea34097f0037,Shanel,Leuschke,Twila51@gmail.com,Tue Jul 16 2019 12:20:24 GMT+0100 (British Summer Time),Global Configuration Facilitator,Greece,1-147-674-1524 x50353,3bb84511-254d-4cbd-bca8-76a5fad5f8ca
30c1f149-e106-4dcd-9967-945829c23f99,Rhianna,Hermiston,Ramon73@gmail.com,Fri Mar 29 2019 07:21:25 GMT+0000 (Greenwich Mean Time),Corporate Assurance Liaison,Poland,901-566-2755,95bb7b2c-6571-467f-9287-0ddc7eb20311,036a1708-25ad-4f77-9962-0786f32d3d48,f88e9e88-5215-41a7-a840-86a04111a29a
3985d1f2-f5a8-4a74-89ea-f0cff9963375,Tremaine,Runte,Bernadine_Conroy@gmail.com,Tue Feb 19 2019 06:17:18 GMT+0000 (Greenwich Mean Time),International Identity Strategist,Dominican Republic,(052) 519-8144 x8120,72963795-ba1f-4067-88b4-1b595eb3a434,14b79dc3-c9bf-4abf-b1c0-e2431c531d7e
6507e31c-1d17-4d80-a69b-2ea90429bf47,Selmer,Prosacco,Henri46@hotmail.com,Wed May 22 2019 21:20:30 GMT+0100 (British Summer Time),Internal Intranet Supervisor,Russian Federation,(783) 366-4577,8ce910ba-3a55-431e-b290-753bc5bc5bab
d9011310-922d-4946-85fd-2eecfd2a7749,Clifton,Mante,Elizabeth7@hotmail.com,Fri Mar 01 2019 04:42:00 GMT+0000 (Greenwich Mean Time),National Integration Consultant,China,350.661.4265 x57092,d58928fa-c66e-4fee-a7af-c63739e1e94d,949897ef-b0b2-4f13-9878-3dd61ddfb7b2
7b936f79-b38d-4029-8205-c5681989e02e,Meagan,West,Dallas_Stokes73@gmail.com,Mon Jul 22 2019 06:41:03 GMT+0100 (British Summer Time),Forward Directives Producer,Turkey,871-140-0160 x149,a41825ee-205b-44a9-9662-1e766aceed57
5d61c8bf-6483-45ff-a289-a2561464aba8,Jude,Romaguera,Kyle_Labadie@yahoo.com,Thu Sep 26 2019 08:14:18 GMT+0100 (British Summer Time),International Factors Orchestrator,Saint Helena,1-173-308-0703,14b79dc3-c9bf-4abf-b1c0-e2431c531d7e,cb954981-3d3c-4da5-875a-6baf7fc52c60,ea57b272-6426-4c16-b844-e219a0a823b3
05557bc7-17b4-4012-83c0-458598dc5e22,Nelle,Stokes,Jarrell_Gleichner87@gmail.com,Mon Feb 18 2019 08:07:29 GMT+0000 (Greenwich Mean Time),Lead Functionality Director,Cape Verde,887-435-1040,ec4f6fb3-4f48-4d60-a9ee-004fbfa4b9c6,596c8b68-4543-42a3-8860-b0f8750af206
292feda4-ec04-447d-ad61-632882b99ecd,Randy,Beahan,Prudence.Pfeffer23@gmail.com,Wed Nov 27 2019 23:56:41 GMT+0000 (Greenwich Mean Time),Human Solutions Orchestrator,Bahrain,184.883.7155 x8620,8eaf0299-8bee-4291-aca2-55b978b1afb3,347cee76-2a86-4e10-9041-eff7f413b71f
31590419-7c9b-46b5-b439-98ec95746ac4,Vallie,Sanford,Lindsey_Rohan30@gmail.com,Wed Apr 24 2019 04:13:29 GMT+0100 (British Summer Time),Senior Communications Technician,Greenland,985-645-1591,
f00535dc-872f-407a-87ba-7762f04e3d25,Cleve,Runolfsson,Harry34@yahoo.com,Thu Feb 28 2019 17:32:46 GMT+0000 (Greenwich Mean Time),Dynamic Markets Designer,Austria,610-733-9421,d977b1f5-cf4f-4148-92e0-ec3f325fdc5d
be9c10a0-26af-436e-a169-b32cf95af349,Kenyon,Borer,Justine.Boehm57@yahoo.com,Sat Jul 20 2019 11:57:59 GMT+0100 (British Summer Time),Human Research Coordinator,Guyana,777.222.9753 x68716,2d48f3c5-4150-4b0b-965c-c62c093bde5e
fbf6d2e3-bb81-4c79-a265-451b21e824f4,Bailey,Blanda,Lamont.Shields25@hotmail.com,Sat Apr 13 2019 19:46:19 GMT+0100 (British Summer Time),Legacy Division Executive,Tanzania,1-647-354-4727 x79169,e0f1ac57-8c74-41db-ade2-d37b911b5071
4edc5f6f-a4f0-4a28-a9a3-85754ce42328,Shyanne,Runte,Loy_Parisian@yahoo.com,Sat Jul 20 2019 21:50:00 GMT+0100 (British Summer Time),Dynamic Tactics Architect,China,1-146-950-6925,80525f6f-5654-4443-9c0a-53e028309680,596c8b68-4543-42a3-8860-b0f8750af206,3bb84511-254d-4cbd-bca8-76a5fad5f8ca,ea57b272-6426-4c16-b844-e219a0a823b3
f453ee85-882f-41f3-9c18-a0d69475cffc,Wyman,Jenkins,Hillard.Hammes9@hotmail.com,Mon Jun 17 2019 06:29:18 GMT+0100 (British Summer Time),National Intranet Liaison,Antigua and Barbuda,677.588.7577 x5608,
eade761d-992d-43b0-a1e4-5b3cdc1818af,Brendan,Bogan,Jack.Rogahn@hotmail.com,Thu May 30 2019 21:01:00 GMT+0100 (British Summer Time),Corporate Security Liaison,Nauru,(641) 501-3866 x237,b5488068-9965-412a-9211-af02393027a8,a3dc6983-5ab9-426a-8c17-b90574cd268d,8ce910ba-3a55-431e-b290-753bc5bc5bab
f2933179-0905-4c94-bba6-929976faf947,Myrtie,Willms,Bridgette99@gmail.com,Tue Mar 19 2019 17:10:17 GMT+0000 (Greenwich Mean Time),Future Research Administrator,Svalbard & Jan Mayen Islands,1-684-344-9664,b5488068-9965-412a-9211-af02393027a8,e7646433-b7dc-4067-badc-c9820123a554,437c1f96-a967-4732-bb82-011ee81ea757
28a53a97-6973-4244-ae0f-beb09c2a7093,Javon,Quigley,Marie28@yahoo.com,Mon Apr 08 2019 19:04:54 GMT+0100 (British Summer Time),Senior Optimization Assistant,Peru,634-007-1102,81a6699d-d0d2-4db8-ba3a-a5af28931a31,e7646433-b7dc-4067-badc-c9820123a554,ec4f6fb3-4f48-4d60-a9ee-004fbfa4b9c6
bfcc9d2f-6f68-479b-ad72-dafcdd634ada,Michaela,Beier,America_Macejkovic@hotmail.com,Sun Aug 25 2019 16:44:45 GMT+0100 (British Summer Time),International Operations Producer,Cayman Islands,(104) 394-8940 x937,5c5aaec8-43f5-4765-a230-aec77785d7db,511ea48e-1367-40e4-98da-6ea666aca3ee
55db98a8-ab41-497b-822d-479be144f91a,Sim,Schiller,Michelle7@hotmail.com,Mon Apr 29 2019 11:19:18 GMT+0100 (British Summer Time),Global Brand Analyst,Moldova,756-202-6466,
3a64c18f-c6c2-4eab-aab0-f6cda3f3b3dd,Bethany,Haag,Zakary_Grady@hotmail.com,Sun Jan 20 2019 19:13:12 GMT+0000 (Greenwich Mean Time),Product Applications Associate,Honduras,743-428-5546 x18661,9ae6e74e-6f34-40f8-9722-5c3a16ccb89b,6f2ea0ed-cfff-493d-aa5f-1cdf55a7302b,1b078da6-ab93-4eb7-9adf-2c6403388af8
2d2afeed-be5c-49c1-9f84-66238e9a1529,Adriana,Gutmann,Durward.Bartoletti23@yahoo.com,Sat Dec 07 2019 19:43:22 GMT+0000 (Greenwich Mean Time),Lead Intranet Technician,Canada,618.990.2580,8bd73fa0-9177-4021-9508-20be538ad61a,c3e991d6-1cf1-4354-a94d-000a93ee7742,3a04ebb6-33f9-4980-a94e-c3c2a25387b6
aba819d4-dcf3-4c06-a744-f2d15090efe8,Katelynn,Beahan,Jaime2@yahoo.com,Mon Dec 30 2019 20:46:00 GMT+0000 (Greenwich Mean Time),District Program Liaison,Palestinian Territory,826-329-1882 x7578,7aa12a56-6ee7-4326-bfce-9e8e3b9413c2,590cd2bf-d8a6-4b98-99db-39516ef34bc6
4e7ece73-8ae9-4e6a-855b-c5b27731ad32,Lisandro,Mitchell,Savanah94@yahoo.com,Sun Nov 17 2019 19:35:11 GMT+0000 (Greenwich Mean Time),Regional Tactics Officer,Botswana,1-922-052-1390,9032b925-5ba4-4c50-a1fd-cce9401745fc,f88e9e88-5215-41a7-a840-86a04111a29a
2debf230-41ea-43ee-9384-4a29d3e7e3d5,Darius,Jerde,Noe.Schmidt@hotmail.com,Wed Aug 28 2019 16:07:46 GMT+0100 (British Summer Time),District Configuration Developer,Morocco,(561) 489-7442,949897ef-b0b2-4f13-9878-3dd61ddfb7b2,c1e54aba-203f-4697-a251-4030e2699815,95bb7b2c-6571-467f-9287-0ddc7eb20311
71d8bf1c-bf59-4f54-af29-c4b51554d15d,Danial,Buckridge,Lloyd.Schmidt15@hotmail.com,Thu Oct 24 2019 12:33:27 GMT+0100 (British Summer Time),Central Division Coordinator,Christmas Island,(235) 165-9166 x250,3bb84511-254d-4cbd-bca8-76a5fad5f8ca,c2f54858-6803-4119-aef8-4a345df1aabc
a3b4575d-638c-4bf8-8ef9-e9250ce2d745,Violette,Lowe,Julien.Dickinson@gmail.com,Mon Nov 25 2019 18:48:07 GMT+0000 (Greenwich Mean Time),Regional Division Technician,Monaco,759-306-0502 x215,cb954981-3d3c-4da5-875a-6baf7fc52c60,8eaf0299-8bee-4291-aca2-55b978b1afb3,9032b925-5ba4-4c50-a1fd-cce9401745fc
78356ba8-42f8-4d7a-a3f7-1e7c78f34122,Stuart,Donnelly,Jon.Effertz70@gmail.com,Sat Dec 07 2019 21:45:11 GMT+0000 (Greenwich Mean Time),Corporate Identity Officer,Malta,288-183-5572 x1456,4061bfcb-ae31-4bec-b4a5-46fdada12dce,6d81349e-a4a9-45a0-9909-7f0beebde5e3
9a500364-b37d-40d5-9d96-be6573ec03ff,Carrie,King,Paul.Kuhn22@yahoo.com,Tue Mar 19 2019 19:26:06 GMT+0000 (Greenwich Mean Time),Legacy Operations Administrator,Lesotho,485-727-0361 x78742,9df35797-fe7d-46c1-ad74-cf86f3c5579c,590cd2bf-d8a6-4b98-99db-39516ef34bc6,5d40b1a6-21ce-42e2-9865-57f3f649180b
91c137ab-b3d8-461b-af69-721a14e8f95a,Norene,Lesch,Ransom_Muller@hotmail.com,Sun Dec 29 2019 00:12:45 GMT+0000 (Greenwich Mean Time),Lead Group Consultant,Republic of Korea,1-064-461-8272 x902,56cc983a-b97d-4fd1-8a8c-998985beb220,38e40cb9-a03b-417d-a79b-c71ead82f8d2,f5784b76-781d-4c9b-8180-271e247d27a6,e7646433-b7dc-4067-badc-c9820123a554
bd765fcb-7569-4494-b3b9-8cd6f167722e,Jettie,Goldner,Elna.Satterfield@hotmail.com,Thu Jun 06 2019 19:14:09 GMT+0100 (British Summer Time),Future Division Liaison,Saint Helena,380-528-4824 x9777,1c8e30f0-dddf-46d3-884d-e355eb3f6b42
09e62232-db7f-4a41-ae71-4b20ebca5cd8,Eulalia,Mann,Laverne_Gulgowski@gmail.com,Sat Sep 14 2019 06:46:06 GMT+0100 (British Summer Time),Legacy Web Director,Holy See (Vatican City State),139.265.4620 x694,6d4572c0-9f1b-43a1-90f3-0595817e7bad,596c8b68-4543-42a3-8860-b0f8750af206,bcc371ae-3353-41c5-aa2e-9677a8339018,3f696822-b31b-4e22-833a-7859c88d4c47
3872c2ce-8036-4627-96df-2826889d04d9,Hank,Heller,Keegan_Weimann@yahoo.com,Fri Feb 22 2019 03:01:47 GMT+0000 (Greenwich Mean Time),Principal Creative Assistant,Tokelau,500.520.2785,549c574f-e3f5-4264-9735-27686dfa6227,6d4572c0-9f1b-43a1-90f3-0595817e7bad,8d7bfe4c-2b93-47cd-9af0-81edbbb44d99,e6ab3b43-b48a-4fea-8b2c-c684ffc0e8e9
a55acedc-6dbb-45ce-aa75-f6198e9de350,Erica,Sawayn,Antonetta.Gerhold76@gmail.com,Sat Mar 09 2019 12:50:36 GMT+0000 (Greenwich Mean Time),Human Metrics Strategist,Madagascar,387.729.8541,a3dc6983-5ab9-426a-8c17-b90574cd268d
f21a5fbe-e99d-43b9-b5f0-9d10ce8e2587,Lilla,Gutmann,Rosemary_Greenfelder@yahoo.com,Fri Mar 01 2019 07:54:29 GMT+0000 (Greenwich Mean Time),Dynamic Research Developer,Chad,170-927-5153,3f696822-b31b-4e22-833a-7859c88d4c47
6208a6ec-f8a5-4bf6-80b6-76503ad220f9,Corene,Bruen,Molly26@hotmail.com,Sat May 25 2019 08:14:34 GMT+0100 (British Summer Time),Investor Security Associate,Eritrea,(552) 587-1403 x38722,78ed3939-4ce9-4b41-9948-8f6f9d9ce41a
f9be7f63-ad7a-4cbe-9c23-6fab5582dc5f,Vivien,Nikolaus,Clara.Tillman49@yahoo.com,Sun Aug 25 2019 11:09:11 GMT+0100 (British Summer Time),Investor Integration Agent,Ireland,874.758.6513,81a6699d-d0d2-4db8-ba3a-a5af28931a31
bc9c403e-9da4-411f-9936-271adaf76344,Bruce,Nolan,Piper14@gmail.com,Sat Dec 14 2019 00:54:26 GMT+0000 (Greenwich Mean Time),Chief Paradigm Facilitator,Georgia,992.260.5585 x1289,98454076-bb7a-483f-a40a-ec0aa5efeb93,72963795-ba1f-4067-88b4-1b595eb3a434
b4231e54-d498-4b23-bddc-3021baf72257,Kane,Rolfson,Octavia_Stehr60@gmail.com,Tue May 07 2019 12:40:03 GMT+0100 (British Summer Time),Direct Factors Architect,Martinique,190-627-2095,98454076-bb7a-483f-a40a-ec0aa5efeb93,549c574f-e3f5-4264-9735-27686dfa6227,1c8e30f0-dddf-46d3-884d-e355eb3f6b42
b3fe20f5-f73f-4f16-8715-93bfda740e11,Willie,Olson,Reginald88@gmail.com,Mon Feb 11 2019 04:08:02 GMT+0000 (Greenwich Mean Time),Senior Quality Technician,Costa Rica,(089) 811-6327,e0f1ac57-8c74-41db-ade2-d37b911b5071,347cee76-2a86-4e10-9041-eff7f413b71f
116770ef-68d1-4ad3-a519-750a5aab6af4,Layla,Pacocha,Kenya_Runte59@yahoo.com,Thu Jul 04 2019 07:29:43 GMT+0100 (British Summer Time),Regional Program Executive,Brazil,1-766-029-9885,e7646433-b7dc-4067-badc-c9820123a554,e0f1ac57-8c74-41db-ade2-d37b911b5071,78ed3939-4ce9-4b41-9948-8f6f9d9ce41a
62132894-f7ed-4dff-8745-3bd02be894bf,Ashley,Kuphal,Desiree.Schumm@gmail.com,Sat Dec 14 2019 06:25:45 GMT+0000 (Greenwich Mean Time),Global Applications Agent,Mozambique,(584) 898-6288,
b03aa202-dcf4-44cf-a410-522a1f59eb50,Karelle,Haag,Mireya31@yahoo.com,Thu Oct 31 2019 16:42:27 GMT+0000 (Greenwich Mean Time),Principal Solutions Manager,China,(760) 708-0316 x55120,0e720cfd-9adf-40d7-bfa9-e01eb1e13ea9,e467bd2a-5376-4e70-8bd3-28271e5f9f94
1e1dc380-c1c4-4d2b-9b29-afbee60ef95c,Laurence,Marquardt,Veronica21@gmail.com,Mon Feb 18 2019 23:58:56 GMT+0000 (Greenwich Mean Time),Central Division Executive,Marshall Islands,(974) 965-9508 x5737,a4e514ad-15f6-45b0-ac02-6a29d3b2d1dc
f191195c-e2de-4e24-98ac-15133cce29ee,Cora,Daugherty,Chandler_Jacobs63@hotmail.com,Sat Aug 03 2019 23:21:11 GMT+0100 (British Summer Time),International Solutions Facilitator,Grenada,(190) 974-9193 x641,38bf76d0-1110-49d0-a51c-dbe712a6db86,78ed3939-4ce9-4b41-9948-8f6f9d9ce41a,8bd73fa0-9177-4021-9508-20be538ad61a
d18acb8c-b4d5-4043-8426-33c82448f296,Leilani,Toy,Kaela.Cartwright@yahoo.com,Mon Jun 03 2019 13:18:30 GMT+0100 (British Summer Time),Customer Mobility Assistant,American Samoa,1-753-764-6544 x64476,38bf76d0-1110-49d0-a51c-dbe712a6db86,2d48f3c5-4150-4b0b-965c-c62c093bde5e
acad9d1c-678b-4fe9-a1c6-553915efafd0,Jacky,Vandervort,Rafaela.Weber@gmail.com,Sun Dec 22 2019 07:23:05 GMT+0000 (Greenwich Mean Time),Forward Accounts Agent,Botswana,823.403.1472 x3491,6d4572c0-9f1b-43a1-90f3-0595817e7bad
dddaeebe-2038-4255-b28f-91ccab01d729,Beryl,Lehner,Justice20@hotmail.com,Sun Jan 20 2019 07:05:38 GMT+0000 (Greenwich Mean Time),Dynamic Factors Administrator,Gabon,897.224.6283,f88e9e88-5215-41a7-a840-86a04111a29a,427cc53e-363f-499b-b37f-0c2b29863ac5
4933edce-f57a-4841-b1de-d8a842451fd7,Grady,Braun,Cydney_Kozey@hotmail.com,Mon Jul 22 2019 21:10:00 GMT+0100 (British Summer Time),Future Usability Producer,Republic of Korea,551-944-1244 x40508,15c8c138-b455-4431-b7a8-af3c9cdac1e9
c9bce737-7dce-40c7-94fe-13195f96b468,Lavern,Graham,Quinn.Armstrong@yahoo.com,Wed Oct 30 2019 14:25:36 GMT+0000 (Greenwich Mean Time),Customer Marketing Assistant,Switzerland,362.283.1638,09a47ed3-306b-4f88-9237-c3a043290448,ea57b272-6426-4c16-b844-e219a0a823b3,18662b33-0677-4022-9ca3-b3405235a984,7aa12a56-6ee7-4326-bfce-9e8e3b9413c2
b4eb14cc-480a-4caf-9769-7511056dcc0e,Walker,Gaylord,Rodolfo14@gmail.com,Sun Sep 08 2019 04:23:17 GMT+0100 (British Summer Time),Chief Identity Coordinator,Colombia,1-548-347-4419 x85301,
def66e3b-99e4-41f9-b935-3e798b894c6d,Aimee,Zemlak,Karl.Crona@yahoo.com,Sun Dec 22 2019 17:23:57 GMT+0000 (Greenwich Mean Time),Dynamic Infrastructure Representative,Sierra Leone,1-705-132-4014 x97466,8bd73fa0-9177-4021-9508-20be538ad61a
c1d75199-4fd7-40af-8b48-b4cd6a1de756,Trever,Trantow,Johnpaul62@gmail.com,Sun Aug 25 2019 06:44:56 GMT+0100 (British Summer Time),National Implementation Assistant,Mauritius,(698) 559-4184 x3530,cb954981-3d3c-4da5-875a-6baf7fc52c60,c1e54aba-203f-4697-a251-4030e2699815,028cdd77-dc17-48fd-86f9-c2166ac2e9db
7492d784-3b7b-4b83-9d9b-eb692608789e,Noe,Beer,Kadin46@gmail.com,Sat Oct 19 2019 04:56:47 GMT+0100 (British Summer Time),Dynamic Applications Facilitator,American Samoa,829.059.3250,e7646433-b7dc-4067-badc-c9820123a554,a4e514ad-15f6-45b0-ac02-6a29d3b2d1dc,e1c6453f-d11b-402b-9f19-64d7b523d5f6
6a33a73e-3fcc-4ec5-92f4-63c2f78f39a9,Mylene,West,Justen75@gmail.com,Sat Jun 01 2019 15:05:35 GMT+0100 (British Summer Time),Dynamic Intranet Agent,Denmark,(989) 323-6920,5d40b1a6-21ce-42e2-9865-57f3f649180b
35f6a32a-2654-4088-ae9b-82c06d626bc4,Kennith,Jast,Althea_Hansen47@yahoo.com,Wed May 22 2019 16:29:39 GMT+0100 (British Summer Time),Dynamic Response Liaison,Nauru,048-499-5268 x422,a3dc6983-5ab9-426a-8c17-b90574cd268d,d6f3aef6-2756-4ab5-a1da-f4328dcd46b3
4ee8efa9-64fd-43e5-adee-69d3fb827cb0,Janis,Beatty,Elwyn.Stark@yahoo.com,Mon Sep 09 2019 12:05:14 GMT+0100 (British Summer Time),District Factors Facilitator,Cote d'Ivoire,908.912.6184,8eaf0299-8bee-4291-aca2-55b978b1afb3
88c6abe3-a747-4032-a78c-9c1caf1eba39,Nayeli,Prohaska,Claudie83@yahoo.com,Sat Jul 13 2019 08:11:27 GMT+0100 (British Summer Time),International Branding Technician,Portugal,889-339-5477,ec4f6fb3-4f48-4d60-a9ee-004fbfa4b9c6
8f4fe4c4-6df3-4607-8775-5b90da747144,America,Mertz,Deven_Morar@gmail.com,Sat Jan 04 2020 04:58:30 GMT+0000 (Greenwich Mean Time),Dynamic Markets Strategist,India,1-509-312-1077 x39205,6f2ea0ed-cfff-493d-aa5f-1cdf55a7302b,5a70fa14-b17d-4bd8-aa72-ce40f5ae9e5e,a4e514ad-15f6-45b0-ac02-6a29d3b2d1dc
3d441454-3860-411e-b402-839f23e325dc,Anabel,Mraz,Enid.Krajcik52@hotmail.com,Wed May 01 2019 15:57:00 GMT+0100 (British Summer Time),Principal Infrastructure Engineer,Heard Island and McDonald Islands,(265) 226-2768,9032b925-5ba4-4c50-a1fd-cce9401745fc
afb5aa96-ed0e-43f9-83f9-88158db0261b,Arnaldo,Goyette,Raphael80@yahoo.com,Sun May 26 2019 04:11:41 GMT+0100 (British Summer Time),Investor Factors Agent,Argentina,1-133-328-6635 x1289,b7e0c3dd-7d60-437d-99cc-98cc9c52c1e7,a41825ee-205b-44a9-9662-1e766aceed57,790f31fd-c075-47cd-a397-ae302e291568
96d9a6e7-4d4a-4c4d-bca8-9f7f54844cec,April,Sauer,Pearline59@gmail.com,Mon Mar 11 2019 01:04:17 GMT+0000 (Greenwich Mean Time),National Usability Architect,Maldives,1-661-543-4996 x3132,
f82644a6-f973-47a5-98d5-59015a7f7905,Mazie,Ferry,Kurt37@yahoo.com,Fri May 24 2019 15:09:11 GMT+0100 (British Summer Time),Senior Solutions Designer,Namibia,1-035-739-1156 x890,427cc53e-363f-499b-b37f-0c2b29863ac5,3bb84511-254d-4cbd-bca8-76a5fad5f8ca,b9ad2b7e-130a-485c-8b61-83c87cdafd77,511ea48e-1367-40e4-98da-6ea666aca3ee
89026831-5c70-4a20-b48e-9a71bd1f79fc,Fred,Hammes,Agnes_Lindgren72@hotmail.com,Tue Nov 12 2019 20:58:53 GMT+0000 (Greenwich Mean Time),International Interactions Officer,Myanmar,375-284-2955,3a04ebb6-33f9-4980-a94e-c3c2a25387b6,028cdd77-dc17-48fd-86f9-c2166ac2e9db
7897ba17-8ec9-4f4a-b208-116d6f080735,Brielle,Bins,Kamryn8@hotmail.com,Tue Dec 31 2019 06:30:08 GMT+0000 (Greenwich Mean Time),Customer Web Officer,Guernsey,635-654-5078 x07557,8bd73fa0-9177-4021-9508-20be538ad61a,adb22174-5081-4393-aeb0-f2e5d0c36ca4
a79bc9f6-2b14-4869-9881-7ffc03853ff1,Rollin,Terry,Erik17@hotmail.com,Fri Oct 04 2019 21:07:13 GMT+0100 (British Summer Time),Customer Operations Associate,Western Sahara,1-737-437-3274,
3b61519b-8b3f-40d8-ba4e-f21a2e5597ec,Peyton,Nader,Vivienne.Muller@yahoo.com,Sun May 05 2019 04:20:05 GMT+0100 (British Summer Time),Dynamic Configuration Executive,Chile,1-053-919-5058 x6356,
8d6f7a7f-e884-478f-bf55-e9b0ea8f973a,Raymundo,Heathcote,Olaf56@gmail.com,Wed Apr 24 2019 15:24:40 GMT+0100 (British Summer Time),Central Intranet Assistant,Turkey,088.838.7651 x834,0b9e5f4f-1452-409a-82c6-48ec0aa1b49c
2a0995a5-1538-4d82-8f67-caee6d566b39,Camryn,Rowe,April_Haley29@yahoo.com,Sun Jun 16 2019 13:32:05 GMT+0100 (British Summer Time),Future Web Executive,Nicaragua,1-612-608-0739 x94280,7c246726-ddf2-4adb-be13-81cbb1a3b097,e467bd2a-5376-4e70-8bd3-28271e5f9f94
27878d7d-7254-4768-9826-2dddd88349d1,Zakary,Runolfsdottir,Nels_Luettgen@hotmail.com,Fri Apr 19 2019 21:45:50 GMT+0100 (British Summer Time),Forward Program Facilitator,Vietnam,220-089-8189,590cd2bf-d8a6-4b98-99db-39516ef34bc6,e6ab3b43-b48a-4fea-8b2c-c684ffc0e8e9,aed9589f-2249-446c-b9a7-c133830385f8
4c837c85-8c01-4027-98cc-04b0d082ad39,Blanca,Leffler,Delphine97@yahoo.com,Sat Sep 28 2019 12:23:58 GMT+0100 (British Summer Time),Lead Brand Facilitator,Liberia,146.268.5262 x9634,0b9e5f4f-1452-409a-82c6-48ec0aa1b49c,6d4572c0-9f1b-43a1-90f3-0595817e7bad,d6f3aef6-2756-4ab5-a1da-f4328dcd46b3
f986779a-5cb4-4447-b794-12f8d4dafe09,Althea,Weber,Lamar_Boyle60@gmail.com,Wed Mar 27 2019 04:18:58 GMT+0000 (Greenwich Mean Time),Direct Data Designer,Angola,153-610-4608,e467bd2a-5376-4e70-8bd3-28271e5f9f94,2d48f3c5-4150-4b0b-965c-c62c093bde5e
7bd8fc97-c74e-4aad-b999-2452395bc2e3,Andy,Rutherford,Elissa_Bogisich39@yahoo.com,Mon Sep 16 2019 21:55:35 GMT+0100 (British Summer Time),National Brand Executive,Greece,380-541-1821 x44712,d58928fa-c66e-4fee-a7af-c63739e1e94d,590cd2bf-d8a6-4b98-99db-39516ef34bc6,7c246726-ddf2-4adb-be13-81cbb1a3b097,e4f11ba8-2562-416e-b1e4-c3d3c5b8b229
e0bf071e-e8f9-4d82-81b7-a0b4037c02b4,Preston,Parisian,Kayley.Schaden31@gmail.com,Wed Sep 04 2019 11:28:42 GMT+0100 (British Summer Time),Senior Security Assistant,Denmark,(243) 049-9656 x32867,90f5c734-0199-4e2e-a2c6-6b468212a0c0